Country,Country Code,Indicator Name,Indicator Code,2000,2005,2010,2015,2018
Aruba,ABW,"Total alcohol consumption per capita (liters of pure alcohol, projected estimates, 15+ years of age)",SH.ALC.PCAP.LI,,,,,
Afghanistan,AFG,"Total alcohol consumption per capita (liters of pure alcohol, projected estimates, 15+ years of age)",SH.ALC.PCAP.LI,,,0.21,0.21,0.21
Angola,AGO,"Total alcohol consumption per capita (liters of pure alcohol, projected estimates, 15+ years of age)",SH.ALC.PCAP.LI,2.76,4.89,8.16,7.96,6.94
Albania,ALB,"Total alcohol consumption per capita (liters of pure alcohol, projected estimates, 15+ years of age)",SH.ALC.PCAP.LI,6.57,7.65,7.69,6.74,7.17
Andorra,AND,"Total alcohol consumption per capita (liters of pure alcohol, projected estimates, 15+ years of age)",SH.ALC.PCAP.LI,13.28,12.55,11.11,11.01,11.02
Arab World,ARB,"Total alcohol consumption per capita (liters of pure alcohol, projected estimates, 15+ years of age)",SH.ALC.PCAP.LI,0.672858292,0.648096116,0.646227749,0.627499821,0.618605545
United Arab Emirates,ARE,"Total alcohol consumption per capita (liters of pure alcohol, projected estimates, 15+ years of age)",SH.ALC.PCAP.LI,2.58,3.64,3.15,3.79,3.9
Argentina,ARG,"Total alcohol consumption per capita (liters of pure alcohol, projected estimates, 15+ years of age)",SH.ALC.PCAP.LI,8.75,8.66,9.09,9.55,9.65
Armenia,ARM,"Total alcohol consumption per capita (liters of pure alcohol, projected estimates, 15+ years of age)",SH.ALC.PCAP.LI,4.23,5.79,5.69,5.84,5.55
American Samoa,ASM,"Total alcohol consumption per capita (liters of pure alcohol, projected estimates, 15+ years of age)",SH.ALC.PCAP.LI,,,,,
Antigua and Barbuda,ATG,"Total alcohol consumption per capita (liters of pure alcohol, projected estimates, 15+ years of age)",SH.ALC.PCAP.LI,5.13,5.37,5.6,5.89,6.38
Australia,AUS,"Total alcohol consumption per capita (liters of pure alcohol, projected estimates, 15+ years of age)",SH.ALC.PCAP.LI,11.72,12.08,12.39,10.83,10.51
Austria,AUT,"Total alcohol consumption per capita (liters of pure alcohol, projected estimates, 15+ years of age)",SH.ALC.PCAP.LI,13.12,12.79,12.2,12.07,11.96
Azerbaijan,AZE,"Total alcohol consumption per capita (liters of pure alcohol, projected estimates, 15+ years of age)",SH.ALC.PCAP.LI,3.45,1.81,2.97,4.58,4.41
Burundi,BDI,"Total alcohol consumption per capita (liters of pure alcohol, projected estimates, 15+ years of age)",SH.ALC.PCAP.LI,9.82,8.44,7.66,7.03,7.19
Belgium,BEL,"Total alcohol consumption per capita (liters of pure alcohol, projected estimates, 15+ years of age)",SH.ALC.PCAP.LI,12.49,13.13,11.4,11.82,11.08
Benin,BEN,"Total alcohol consumption per capita (liters of pure alcohol, projected estimates, 15+ years of age)",SH.ALC.PCAP.LI,2.46,2.23,2.47,2.97,2.81
Burkina Faso,BFA,"Total alcohol consumption per capita (liters of pure alcohol, projected estimates, 15+ years of age)",SH.ALC.PCAP.LI,8.4,9.19,8.58,11.83,12.03
Bangladesh,BGD,"Total alcohol consumption per capita (liters of pure alcohol, projected estimates, 15+ years of age)",SH.ALC.PCAP.LI,0.23,0.16,0.16,0.021,0.019
Bulgaria,BGR,"Total alcohol consumption per capita (liters of pure alcohol, projected estimates, 15+ years of age)",SH.ALC.PCAP.LI,11.8,11.42,11.32,12.34,12.65
Bahrain,BHR,"Total alcohol consumption per capita (liters of pure alcohol, projected estimates, 15+ years of age)",SH.ALC.PCAP.LI,1.74,1.76,1.69,1.3,1.09
"Bahamas, The",BHS,"Total alcohol consumption per capita (liters of pure alcohol, projected estimates, 15+ years of age)",SH.ALC.PCAP.LI,5.58,4.28,4.12,4.55,4.78
Bosnia and Herzegovina,BIH,"Total alcohol consumption per capita (liters of pure alcohol, projected estimates, 15+ years of age)",SH.ALC.PCAP.LI,6.37,7.2,7.32,6.92,7.15
Belarus,BLR,"Total alcohol consumption per capita (liters of pure alcohol, projected estimates, 15+ years of age)",SH.ALC.PCAP.LI,15.17,15.3,17.43,12,11.45
Belize,BLZ,"Total alcohol consumption per capita (liters of pure alcohol, projected estimates, 15+ years of age)",SH.ALC.PCAP.LI,5.55,7.16,7.08,6.74,6.22
Bermuda,BMU,"Total alcohol consumption per capita (liters of pure alcohol, projected estimates, 15+ years of age)",SH.ALC.PCAP.LI,,,,,
Bolivia,BOL,"Total alcohol consumption per capita (liters of pure alcohol, projected estimates, 15+ years of age)",SH.ALC.PCAP.LI,3.44,4.37,5.56,4.64,4.43
Brazil,BRA,"Total alcohol consumption per capita (liters of pure alcohol, projected estimates, 15+ years of age)",SH.ALC.PCAP.LI,8.78,8.32,8.49,7.86,7.42
Barbados,BRB,"Total alcohol consumption per capita (liters of pure alcohol, projected estimates, 15+ years of age)",SH.ALC.PCAP.LI,7.11,7.4,7.95,9.33,9.69
Brunei Darussalam,BRN,"Total alcohol consumption per capita (liters of pure alcohol, projected estimates, 15+ years of age)",SH.ALC.PCAP.LI,0.23,0.21,0.51,0.46,0.48
Bhutan,BTN,"Total alcohol consumption per capita (liters of pure alcohol, projected estimates, 15+ years of age)",SH.ALC.PCAP.LI,2.77,1.6,0.92,0.42,0.43
Botswana,BWA,"Total alcohol consumption per capita (liters of pure alcohol, projected estimates, 15+ years of age)",SH.ALC.PCAP.LI,9.05,9.61,8.62,6.86,6.59
Central African Republic,CAF,"Total alcohol consumption per capita (liters of pure alcohol, projected estimates, 15+ years of age)",SH.ALC.PCAP.LI,3.68,3.62,3.98,2.43,2.38
Canada,CAN,"Total alcohol consumption per capita (liters of pure alcohol, projected estimates, 15+ years of age)",SH.ALC.PCAP.LI,,,10.1,8.88,8.94
Central Europe and the Baltics,CEB,"Total alcohol consumption per capita (liters of pure alcohol, projected estimates, 15+ years of age)",SH.ALC.PCAP.LI,12.62650036,12.8572741,12.26601222,11.99292926,11.93208224
Switzerland,CHE,"Total alcohol consumption per capita (liters of pure alcohol, projected estimates, 15+ years of age)",SH.ALC.PCAP.LI,12.49,11.64,11.41,11.58,11.53
Channel Islands,CHI,"Total alcohol consumption per capita (liters of pure alcohol, projected estimates, 15+ years of age)",SH.ALC.PCAP.LI,,,,,
Chile,CHL,"Total alcohol consumption per capita (liters of pure alcohol, projected estimates, 15+ years of age)",SH.ALC.PCAP.LI,7.74,8.93,9.31,9.26,9.07
China,CHN,"Total alcohol consumption per capita (liters of pure alcohol, projected estimates, 15+ years of age)",SH.ALC.PCAP.LI,3.81,4.02,7.07,7.15,7.05
Cote d'Ivoire,CIV,"Total alcohol consumption per capita (liters of pure alcohol, projected estimates, 15+ years of age)",SH.ALC.PCAP.LI,7.25,3.3,2.53,2.61,2.71
Cameroon,CMR,"Total alcohol consumption per capita (liters of pure alcohol, projected estimates, 15+ years of age)",SH.ALC.PCAP.LI,6.69,7.62,8.43,6.17,5.65
"Congo, Dem. Rep.",COD,"Total alcohol consumption per capita (liters of pure alcohol, projected estimates, 15+ years of age)",SH.ALC.PCAP.LI,0.95,0.86,1.75,2.05,2
"Congo, Rep.",COG,"Total alcohol consumption per capita (liters of pure alcohol, projected estimates, 15+ years of age)",SH.ALC.PCAP.LI,3.45,3.75,6.17,7.9,9.27
Colombia,COL,"Total alcohol consumption per capita (liters of pure alcohol, projected estimates, 15+ years of age)",SH.ALC.PCAP.LI,5.58,5.41,5.04,5.78,5.74
Comoros,COM,"Total alcohol consumption per capita (liters of pure alcohol, projected estimates, 15+ years of age)",SH.ALC.PCAP.LI,0.19,0.44,0.25,0.88,0.69
Cabo Verde,CPV,"Total alcohol consumption per capita (liters of pure alcohol, projected estimates, 15+ years of age)",SH.ALC.PCAP.LI,6.03,6.95,7.51,5.95,5.6
Costa Rica,CRI,"Total alcohol consumption per capita (liters of pure alcohol, projected estimates, 15+ years of age)",SH.ALC.PCAP.LI,5.55,5.42,4.8,4.76,4.87
Caribbean small states,CSS,"Total alcohol consumption per capita (liters of pure alcohol, projected estimates, 15+ years of age)",SH.ALC.PCAP.LI,5.862228762,5.754359814,5.660809364,5.857446159,5.79451576
Cuba,CUB,"Total alcohol consumption per capita (liters of pure alcohol, projected estimates, 15+ years of age)",SH.ALC.PCAP.LI,4.98,5.36,5.02,5.67,5.83
Curacao,CUW,"Total alcohol consumption per capita (liters of pure alcohol, projected estimates, 15+ years of age)",SH.ALC.PCAP.LI,,,,,
Cayman Islands,CYM,"Total alcohol consumption per capita (liters of pure alcohol, projected estimates, 15+ years of age)",SH.ALC.PCAP.LI,,,,,
Cyprus,CYP,"Total alcohol consumption per capita (liters of pure alcohol, projected estimates, 15+ years of age)",SH.ALC.PCAP.LI,10.86,12.43,11.35,10.76,10.81
Czech Republic,CZE,"Total alcohol consumption per capita (liters of pure alcohol, projected estimates, 15+ years of age)",SH.ALC.PCAP.LI,15,14.76,14.06,14.25,14.45
Germany,DEU,"Total alcohol consumption per capita (liters of pure alcohol, projected estimates, 15+ years of age)",SH.ALC.PCAP.LI,14.16,13.28,12.64,13.06,12.91
Djibouti,DJI,"Total alcohol consumption per capita (liters of pure alcohol, projected estimates, 15+ years of age)",SH.ALC.PCAP.LI,1.62,1.28,0.67,0.49,0.43
Dominica,DMA,"Total alcohol consumption per capita (liters of pure alcohol, projected estimates, 15+ years of age)",SH.ALC.PCAP.LI,8.38,8.72,9.65,11.32,11.18
Denmark,DNK,"Total alcohol consumption per capita (liters of pure alcohol, projected estimates, 15+ years of age)",SH.ALC.PCAP.LI,12.67,12.29,11,10.36,10.26
Dominican Republic,DOM,"Total alcohol consumption per capita (liters of pure alcohol, projected estimates, 15+ years of age)",SH.ALC.PCAP.LI,7.19,6.15,6.11,6.61,6.68
Algeria,DZA,"Total alcohol consumption per capita (liters of pure alcohol, projected estimates, 15+ years of age)",SH.ALC.PCAP.LI,0.58,0.81,0.65,0.93,0.95
East Asia & Pacific (excluding high income),EAP,"Total alcohol consumption per capita (liters of pure alcohol, projected estimates, 15+ years of age)",SH.ALC.PCAP.LI,3.42827798,3.628218329,6.025462978,6.232022309,6.194515707
Early-demographic dividend,EAR,"Total alcohol consumption per capita (liters of pure alcohol, projected estimates, 15+ years of age)",SH.ALC.PCAP.LI,2.511086009,2.520305407,3.453335128,3.909810912,3.892538564
East Asia & Pacific,EAS,"Total alcohol consumption per capita (liters of pure alcohol, projected estimates, 15+ years of age)",SH.ALC.PCAP.LI,4.092755043,4.185950302,6.262726484,6.472068362,6.430740249
Europe & Central Asia (excluding high income),ECA,"Total alcohol consumption per capita (liters of pure alcohol, projected estimates, 15+ years of age)",SH.ALC.PCAP.LI,11.08556373,11.48672238,10.67260067,8.35619994,7.466508935
Europe & Central Asia,ECS,"Total alcohol consumption per capita (liters of pure alcohol, projected estimates, 15+ years of age)",SH.ALC.PCAP.LI,12.07242736,12.06874884,11.03833062,10.08709488,9.763804866
Ecuador,ECU,"Total alcohol consumption per capita (liters of pure alcohol, projected estimates, 15+ years of age)",SH.ALC.PCAP.LI,5.96,5.81,6.16,4.98,4.2
"Egypt, Arab Rep.",EGY,"Total alcohol consumption per capita (liters of pure alcohol, projected estimates, 15+ years of age)",SH.ALC.PCAP.LI,0.25,0.29,0.36,0.4,0.36
Euro area,EMU,"Total alcohol consumption per capita (liters of pure alcohol, projected estimates, 15+ years of age)",SH.ALC.PCAP.LI,12.71715515,12.26848102,10.9915886,11.32569234,11.40215603
Eritrea,ERI,"Total alcohol consumption per capita (liters of pure alcohol, projected estimates, 15+ years of age)",SH.ALC.PCAP.LI,1.57,2.08,1.38,1.42,1.44
Spain,ESP,"Total alcohol consumption per capita (liters of pure alcohol, projected estimates, 15+ years of age)",SH.ALC.PCAP.LI,12.43,12.83,10.03,11.32,12.72
Estonia,EST,"Total alcohol consumption per capita (liters of pure alcohol, projected estimates, 15+ years of age)",SH.ALC.PCAP.LI,9.57,15.65,12.39,12.39,9.23
Ethiopia,ETH,"Total alcohol consumption per capita (liters of pure alcohol, projected estimates, 15+ years of age)",SH.ALC.PCAP.LI,1.76,2.05,2.5,2.19,2.36
European Union,EUU,"Total alcohol consumption per capita (liters of pure alcohol, projected estimates, 15+ years of age)",SH.ALC.PCAP.LI,12.63936868,12.3027987,11.21063563,11.37709129,11.44445397
Fragile and conflict affected situations,FCS,"Total alcohol consumption per capita (liters of pure alcohol, projected estimates, 15+ years of age)",SH.ALC.PCAP.LI,5.292941692,5.419817832,5.255032105,4.77587165,4.715526464
Finland,FIN,"Total alcohol consumption per capita (liters of pure alcohol, projected estimates, 15+ years of age)",SH.ALC.PCAP.LI,11.69,13.11,12.59,11.18,10.78
Fiji,FJI,"Total alcohol consumption per capita (liters of pure alcohol, projected estimates, 15+ years of age)",SH.ALC.PCAP.LI,3.24,2.78,3,3.33,3.32
France,FRA,"Total alcohol consumption per capita (liters of pure alcohol, projected estimates, 15+ years of age)",SH.ALC.PCAP.LI,14.08,13.09,12.4,12.64,12.33
Faroe Islands,FRO,"Total alcohol consumption per capita (liters of pure alcohol, projected estimates, 15+ years of age)",SH.ALC.PCAP.LI,,,,,
"Micronesia, Fed. Sts.",FSM,"Total alcohol consumption per capita (liters of pure alcohol, projected estimates, 15+ years of age)",SH.ALC.PCAP.LI,3.86,2.78,2.85,2.44,2.48
Gabon,GAB,"Total alcohol consumption per capita (liters of pure alcohol, projected estimates, 15+ years of age)",SH.ALC.PCAP.LI,10.59,9.36,9.89,9.57,8.74
United Kingdom,GBR,"Total alcohol consumption per capita (liters of pure alcohol, projected estimates, 15+ years of age)",SH.ALC.PCAP.LI,13.73,13.89,12.06,11.21,11.45
Georgia,GEO,"Total alcohol consumption per capita (liters of pure alcohol, projected estimates, 15+ years of age)",SH.ALC.PCAP.LI,4.41,6.39,9.67,9.61,8.25
Ghana,GHA,"Total alcohol consumption per capita (liters of pure alcohol, projected estimates, 15+ years of age)",SH.ALC.PCAP.LI,5.3,3.77,4.26,3.12,2.75
Gibraltar,GIB,"Total alcohol consumption per capita (liters of pure alcohol, projected estimates, 15+ years of age)",SH.ALC.PCAP.LI,,,,,
Guinea,GIN,"Total alcohol consumption per capita (liters of pure alcohol, projected estimates, 15+ years of age)",SH.ALC.PCAP.LI,0.67,0.77,0.7,1.07,1.11
"Gambia, The",GMB,"Total alcohol consumption per capita (liters of pure alcohol, projected estimates, 15+ years of age)",SH.ALC.PCAP.LI,4.14,4.27,3.81,3.67,3.55
Guinea-Bissau,GNB,"Total alcohol consumption per capita (liters of pure alcohol, projected estimates, 15+ years of age)",SH.ALC.PCAP.LI,4.15,5.31,4.47,5.05,5.38
Equatorial Guinea,GNQ,"Total alcohol consumption per capita (liters of pure alcohol, projected estimates, 15+ years of age)",SH.ALC.PCAP.LI,7.45,8.91,9.2,9.08,7.23
Greece,GRC,"Total alcohol consumption per capita (liters of pure alcohol, projected estimates, 15+ years of age)",SH.ALC.PCAP.LI,10.18,10.73,9.67,10.49,10.18
Grenada,GRD,"Total alcohol consumption per capita (liters of pure alcohol, projected estimates, 15+ years of age)",SH.ALC.PCAP.LI,9.8,8.76,8.31,9.07,9.48
Greenland,GRL,"Total alcohol consumption per capita (liters of pure alcohol, projected estimates, 15+ years of age)",SH.ALC.PCAP.LI,,,,,
Guatemala,GTM,"Total alcohol consumption per capita (liters of pure alcohol, projected estimates, 15+ years of age)",SH.ALC.PCAP.LI,4.4,4.29,3.51,2.55,2.45
Guam,GUM,"Total alcohol consumption per capita (liters of pure alcohol, projected estimates, 15+ years of age)",SH.ALC.PCAP.LI,,,,,
Guyana,GUY,"Total alcohol consumption per capita (liters of pure alcohol, projected estimates, 15+ years of age)",SH.ALC.PCAP.LI,8.98,7.98,6.78,7.35,6.89
High income,HIC,"Total alcohol consumption per capita (liters of pure alcohol, projected estimates, 15+ years of age)",SH.ALC.PCAP.LI,10.69280855,10.48315512,9.700274699,9.78493867,9.800588152
"Hong Kong SAR, China",HKG,"Total alcohol consumption per capita (liters of pure alcohol, projected estimates, 15+ years of age)",SH.ALC.PCAP.LI,,,,,
Honduras,HND,"Total alcohol consumption per capita (liters of pure alcohol, projected estimates, 15+ years of age)",SH.ALC.PCAP.LI,3.5,3.88,3.59,3.49,3.76
Heavily indebted poor countries (HIPC),HPC,"Total alcohol consumption per capita (liters of pure alcohol, projected estimates, 15+ years of age)",SH.ALC.PCAP.LI,4.240083144,4.033973966,4.175624251,4.027647671,4.06572463
Croatia,HRV,"Total alcohol consumption per capita (liters of pure alcohol, projected estimates, 15+ years of age)",SH.ALC.PCAP.LI,12.45,10.31,10.08,9.07,9.23
Haiti,HTI,"Total alcohol consumption per capita (liters of pure alcohol, projected estimates, 15+ years of age)",SH.ALC.PCAP.LI,3.97,3.86,2.99,2.69,2.73
Hungary,HUN,"Total alcohol consumption per capita (liters of pure alcohol, projected estimates, 15+ years of age)",SH.ALC.PCAP.LI,14.27,14.56,12.09,11.6,11.35
IBRD only,IBD,"Total alcohol consumption per capita (liters of pure alcohol, projected estimates, 15+ years of age)",SH.ALC.PCAP.LI,4.464245941,4.534005112,6.050196582,6.135150379,5.976673885
IDA & IBRD total,IBT,"Total alcohol consumption per capita (liters of pure alcohol, projected estimates, 15+ years of age)",SH.ALC.PCAP.LI,4.328660591,4.368492828,5.59474806,5.614515873,5.487507128
IDA total,IDA,"Total alcohol consumption per capita (liters of pure alcohol, projected estimates, 15+ years of age)",SH.ALC.PCAP.LI,3.681898384,3.610977831,3.667153002,3.606751837,3.684085014
IDA blend,IDB,"Total alcohol consumption per capita (liters of pure alcohol, projected estimates, 15+ years of age)",SH.ALC.PCAP.LI,5.400008796,5.244982527,4.980483218,4.589950193,4.626868052
Indonesia,IDN,"Total alcohol consumption per capita (liters of pure alcohol, projected estimates, 15+ years of age)",SH.ALC.PCAP.LI,0.5,0.48,0.59,0.6,0.57
IDA only,IDX,"Total alcohol consumption per capita (liters of pure alcohol, projected estimates, 15+ years of age)",SH.ALC.PCAP.LI,2.747601981,2.718707806,2.966328134,3.101211504,3.201541468
Isle of Man,IMN,"Total alcohol consumption per capita (liters of pure alcohol, projected estimates, 15+ years of age)",SH.ALC.PCAP.LI,,,,,
India,IND,"Total alcohol consumption per capita (liters of pure alcohol, projected estimates, 15+ years of age)",SH.ALC.PCAP.LI,2.28,2.33,4.35,5.54,5.54
Not classified,INX,"Total alcohol consumption per capita (liters of pure alcohol, projected estimates, 15+ years of age)",SH.ALC.PCAP.LI,,,,,
Ireland,IRL,"Total alcohol consumption per capita (liters of pure alcohol, projected estimates, 15+ years of age)",SH.ALC.PCAP.LI,15.13,14.2,12.07,12.47,12.88
"Iran, Islamic Rep.",IRN,"Total alcohol consumption per capita (liters of pure alcohol, projected estimates, 15+ years of age)",SH.ALC.PCAP.LI,0.21,0.58,1.01,1.01,1.03
Iraq,IRQ,"Total alcohol consumption per capita (liters of pure alcohol, projected estimates, 15+ years of age)",SH.ALC.PCAP.LI,0.45,0.44,0.49,0.37,0.39
Iceland,ISL,"Total alcohol consumption per capita (liters of pure alcohol, projected estimates, 15+ years of age)",SH.ALC.PCAP.LI,7.03,7.74,7.5,8.74,9.12
Israel,ISR,"Total alcohol consumption per capita (liters of pure alcohol, projected estimates, 15+ years of age)",SH.ALC.PCAP.LI,3.08,2.7,3.12,3.86,4.21
Italy,ITA,"Total alcohol consumption per capita (liters of pure alcohol, projected estimates, 15+ years of age)",SH.ALC.PCAP.LI,10.37,9.41,7.34,7.59,7.84
Jamaica,JAM,"Total alcohol consumption per capita (liters of pure alcohol, projected estimates, 15+ years of age)",SH.ALC.PCAP.LI,4.91,4.43,4.38,4.19,4.22
Jordan,JOR,"Total alcohol consumption per capita (liters of pure alcohol, projected estimates, 15+ years of age)",SH.ALC.PCAP.LI,0.62,0.66,0.64,0.69,0.69
Japan,JPN,"Total alcohol consumption per capita (liters of pure alcohol, projected estimates, 15+ years of age)",SH.ALC.PCAP.LI,8.23,7.99,7.2,7.87,7.96
Kazakhstan,KAZ,"Total alcohol consumption per capita (liters of pure alcohol, projected estimates, 15+ years of age)",SH.ALC.PCAP.LI,8.18,9.33,4.97,4.66,4.76
Kenya,KEN,"Total alcohol consumption per capita (liters of pure alcohol, projected estimates, 15+ years of age)",SH.ALC.PCAP.LI,3.83,3.01,3.29,2.77,2.78
Kyrgyz Republic,KGZ,"Total alcohol consumption per capita (liters of pure alcohol, projected estimates, 15+ years of age)",SH.ALC.PCAP.LI,9.45,11.19,10.08,7.59,6.26
Cambodia,KHM,"Total alcohol consumption per capita (liters of pure alcohol, projected estimates, 15+ years of age)",SH.ALC.PCAP.LI,1.87,2.69,4.91,6.37,6.64
Kiribati,KIR,"Total alcohol consumption per capita (liters of pure alcohol, projected estimates, 15+ years of age)",SH.ALC.PCAP.LI,1.96,2.16,1.65,0.52,0.46
St. Kitts and Nevis,KNA,"Total alcohol consumption per capita (liters of pure alcohol, projected estimates, 15+ years of age)",SH.ALC.PCAP.LI,9.51,11.53,9.45,8.88,8.94
"Korea, Rep.",KOR,"Total alcohol consumption per capita (liters of pure alcohol, projected estimates, 15+ years of age)",SH.ALC.PCAP.LI,12.31,10.58,9.97,10.04,9.7
Kuwait,KWT,"Total alcohol consumption per capita (liters of pure alcohol, projected estimates, 15+ years of age)",SH.ALC.PCAP.LI,0.038,0.019,0.032,0.003,0.003
Latin America & Caribbean (excluding high income),LAC,"Total alcohol consumption per capita (liters of pure alcohol, projected estimates, 15+ years of age)",SH.ALC.PCAP.LI,7.29907807,7.153598235,6.92736669,6.522805475,6.22554689
Lao PDR,LAO,"Total alcohol consumption per capita (liters of pure alcohol, projected estimates, 15+ years of age)",SH.ALC.PCAP.LI,4.66,4.37,7.1,10.05,10.72
Lebanon,LBN,"Total alcohol consumption per capita (liters of pure alcohol, projected estimates, 15+ years of age)",SH.ALC.PCAP.LI,2.96,2.31,1.94,1.65,1.71
Liberia,LBR,"Total alcohol consumption per capita (liters of pure alcohol, projected estimates, 15+ years of age)",SH.ALC.PCAP.LI,6.38,6.05,5.37,5.7,6.12
Libya,LBY,"Total alcohol consumption per capita (liters of pure alcohol, projected estimates, 15+ years of age)",SH.ALC.PCAP.LI,0.064,0.083,0.098,0.029,0.019
St. Lucia,LCA,"Total alcohol consumption per capita (liters of pure alcohol, projected estimates, 15+ years of age)",SH.ALC.PCAP.LI,11.8,11.62,9.69,9.96,10.6
Latin America & Caribbean,LCN,"Total alcohol consumption per capita (liters of pure alcohol, projected estimates, 15+ years of age)",SH.ALC.PCAP.LI,7.3011207,7.197229077,6.999579513,6.61893728,6.331661439
Least developed countries: UN classification,LDC,"Total alcohol consumption per capita (liters of pure alcohol, projected estimates, 15+ years of age)",SH.ALC.PCAP.LI,2.486311243,2.658113683,3.05266169,3.24596396,3.338433847
Low income,LIC,"Total alcohol consumption per capita (liters of pure alcohol, projected estimates, 15+ years of age)",SH.ALC.PCAP.LI,3.287808099,3.212791233,3.222580035,3.115645483,3.187343916
Liechtenstein,LIE,"Total alcohol consumption per capita (liters of pure alcohol, projected estimates, 15+ years of age)",SH.ALC.PCAP.LI,,,,,
Sri Lanka,LKA,"Total alcohol consumption per capita (liters of pure alcohol, projected estimates, 15+ years of age)",SH.ALC.PCAP.LI,2.22,2.59,3.92,4.1,4.1
Lower middle income,LMC,"Total alcohol consumption per capita (liters of pure alcohol, projected estimates, 15+ years of age)",SH.ALC.PCAP.LI,3.104997041,3.110118772,4.341092259,4.939686471,4.939826292
Low & middle income,LMY,"Total alcohol consumption per capita (liters of pure alcohol, projected estimates, 15+ years of age)",SH.ALC.PCAP.LI,4.18542671,4.233959522,5.487114364,5.522282787,5.397308917
Lesotho,LSO,"Total alcohol consumption per capita (liters of pure alcohol, projected estimates, 15+ years of age)",SH.ALC.PCAP.LI,7.31,5.37,6.5,4.8,4.59
Late-demographic dividend,LTE,"Total alcohol consumption per capita (liters of pure alcohol, projected estimates, 15+ years of age)",SH.ALC.PCAP.LI,5.56325456,5.761431679,7.605143615,7.435194055,7.249684744
Lithuania,LTU,"Total alcohol consumption per capita (liters of pure alcohol, projected estimates, 15+ years of age)",SH.ALC.PCAP.LI,13.36,16.1,15.25,15.38,13.22
Luxembourg,LUX,"Total alcohol consumption per capita (liters of pure alcohol, projected estimates, 15+ years of age)",SH.ALC.PCAP.LI,14.32,13.58,12.98,13.18,12.94
Latvia,LVA,"Total alcohol consumption per capita (liters of pure alcohol, projected estimates, 15+ years of age)",SH.ALC.PCAP.LI,8.76,11.96,11.63,12.64,12.77
"Macao SAR, China",MAC,"Total alcohol consumption per capita (liters of pure alcohol, projected estimates, 15+ years of age)",SH.ALC.PCAP.LI,,,,,
St. Martin (French part),MAF,"Total alcohol consumption per capita (liters of pure alcohol, projected estimates, 15+ years of age)",SH.ALC.PCAP.LI,,,,,
Morocco,MAR,"Total alcohol consumption per capita (liters of pure alcohol, projected estimates, 15+ years of age)",SH.ALC.PCAP.LI,1.01,0.96,0.9,0.7,0.69
Monaco,MCO,"Total alcohol consumption per capita (liters of pure alcohol, projected estimates, 15+ years of age)",SH.ALC.PCAP.LI,,,,,
Moldova,MDA,"Total alcohol consumption per capita (liters of pure alcohol, projected estimates, 15+ years of age)",SH.ALC.PCAP.LI,13.89,19.95,15.54,11.87,11.43
Madagascar,MDG,"Total alcohol consumption per capita (liters of pure alcohol, projected estimates, 15+ years of age)",SH.ALC.PCAP.LI,2.11,1.53,1.87,1.88,1.97
Maldives,MDV,"Total alcohol consumption per capita (liters of pure alcohol, projected estimates, 15+ years of age)",SH.ALC.PCAP.LI,2.04,1.52,1.65,2.07,2.22
Middle East & North Africa,MEA,"Total alcohol consumption per capita (liters of pure alcohol, projected estimates, 15+ years of age)",SH.ALC.PCAP.LI,0.654770345,0.703910666,0.795690414,0.807447729,0.812734191
Mexico,MEX,"Total alcohol consumption per capita (liters of pure alcohol, projected estimates, 15+ years of age)",SH.ALC.PCAP.LI,6.43,6.48,5.21,4.92,5
Marshall Islands,MHL,"Total alcohol consumption per capita (liters of pure alcohol, projected estimates, 15+ years of age)",SH.ALC.PCAP.LI,,,,,
Middle income,MIC,"Total alcohol consumption per capita (liters of pure alcohol, projected estimates, 15+ years of age)",SH.ALC.PCAP.LI,4.240187251,4.299001296,5.650710872,5.723211985,5.591255049
North Macedonia,MKD,"Total alcohol consumption per capita (liters of pure alcohol, projected estimates, 15+ years of age)",SH.ALC.PCAP.LI,7.31,7.03,5.93,5.93,6.16
Mali,MLI,"Total alcohol consumption per capita (liters of pure alcohol, projected estimates, 15+ years of age)",SH.ALC.PCAP.LI,1.15,1.05,1.09,1.25,1.28
Malta,MLT,"Total alcohol consumption per capita (liters of pure alcohol, projected estimates, 15+ years of age)",SH.ALC.PCAP.LI,5.72,6.65,6.58,7.56,7.99
Myanmar,MMR,"Total alcohol consumption per capita (liters of pure alcohol, projected estimates, 15+ years of age)",SH.ALC.PCAP.LI,0.38,1.65,2.9,4.41,5.12
Middle East & North Africa (excluding high income),MNA,"Total alcohol consumption per capita (liters of pure alcohol, projected estimates, 15+ years of age)",SH.ALC.PCAP.LI,0.544953758,0.623679014,0.703944203,0.685778615,0.682987694
Montenegro,MNE,"Total alcohol consumption per capita (liters of pure alcohol, projected estimates, 15+ years of age)",SH.ALC.PCAP.LI,,,15.07,10.92,11.47
Mongolia,MNG,"Total alcohol consumption per capita (liters of pure alcohol, projected estimates, 15+ years of age)",SH.ALC.PCAP.LI,3.11,5.28,9.65,10.97,8.19
Northern Mariana Islands,MNP,"Total alcohol consumption per capita (liters of pure alcohol, projected estimates, 15+ years of age)",SH.ALC.PCAP.LI,,,,,
Mozambique,MOZ,"Total alcohol consumption per capita (liters of pure alcohol, projected estimates, 15+ years of age)",SH.ALC.PCAP.LI,2.33,1.3,1.63,2.19,2.3
Mauritania,MRT,"Total alcohol consumption per capita (liters of pure alcohol, projected estimates, 15+ years of age)",SH.ALC.PCAP.LI,0.2,0.13,0.086,0.033,0.036
Mauritius,MUS,"Total alcohol consumption per capita (liters of pure alcohol, projected estimates, 15+ years of age)",SH.ALC.PCAP.LI,5.49,5,3.81,3.94,4.35
Malawi,MWI,"Total alcohol consumption per capita (liters of pure alcohol, projected estimates, 15+ years of age)",SH.ALC.PCAP.LI,2.42,2.87,3.21,3.62,3.63
Malaysia,MYS,"Total alcohol consumption per capita (liters of pure alcohol, projected estimates, 15+ years of age)",SH.ALC.PCAP.LI,1.53,1.28,1.32,0.85,0.85
North America,NAC,"Total alcohol consumption per capita (liters of pure alcohol, projected estimates, 15+ years of age)",SH.ALC.PCAP.LI,9.19,9.49,9.436354762,9.722440173,9.772274581
Namibia,NAM,"Total alcohol consumption per capita (liters of pure alcohol, projected estimates, 15+ years of age)",SH.ALC.PCAP.LI,3.26,2.7,1.99,5.23,5.43
New Caledonia,NCL,"Total alcohol consumption per capita (liters of pure alcohol, projected estimates, 15+ years of age)",SH.ALC.PCAP.LI,,,,,
Niger,NER,"Total alcohol consumption per capita (liters of pure alcohol, projected estimates, 15+ years of age)",SH.ALC.PCAP.LI,0.23,0.25,0.31,0.55,0.67
Nigeria,NGA,"Total alcohol consumption per capita (liters of pure alcohol, projected estimates, 15+ years of age)",SH.ALC.PCAP.LI,12.5,12.51,11.72,10.81,10.84
Nicaragua,NIC,"Total alcohol consumption per capita (liters of pure alcohol, projected estimates, 15+ years of age)",SH.ALC.PCAP.LI,5.05,5.3,4.79,5.03,5.18
Netherlands,NLD,"Total alcohol consumption per capita (liters of pure alcohol, projected estimates, 15+ years of age)",SH.ALC.PCAP.LI,11.08,10.71,10.21,9.55,9.61
Norway,NOR,"Total alcohol consumption per capita (liters of pure alcohol, projected estimates, 15+ years of age)",SH.ALC.PCAP.LI,7.95,8.87,8.94,7.52,7.41
Nepal,NPL,"Total alcohol consumption per capita (liters of pure alcohol, projected estimates, 15+ years of age)",SH.ALC.PCAP.LI,1.12,1.95,1.94,2.05,2.05
Nauru,NRU,"Total alcohol consumption per capita (liters of pure alcohol, projected estimates, 15+ years of age)",SH.ALC.PCAP.LI,6.04,3.4,5.73,3.71,3.71
New Zealand,NZL,"Total alcohol consumption per capita (liters of pure alcohol, projected estimates, 15+ years of age)",SH.ALC.PCAP.LI,10.42,10.92,11.32,10.44,10.63
OECD members,OED,"Total alcohol consumption per capita (liters of pure alcohol, projected estimates, 15+ years of age)",SH.ALC.PCAP.LI,9.970381514,9.817359128,9.102932507,9.208412014,9.207099994
Oman,OMN,"Total alcohol consumption per capita (liters of pure alcohol, projected estimates, 15+ years of age)",SH.ALC.PCAP.LI,6.56,1.56,0.73,0.77,0.78
Other small states,OSS,"Total alcohol consumption per capita (liters of pure alcohol, projected estimates, 15+ years of age)",SH.ALC.PCAP.LI,5.888557158,6.101421471,5.586567265,5.438127651,5.115108283
Pakistan,PAK,"Total alcohol consumption per capita (liters of pure alcohol, projected estimates, 15+ years of age)",SH.ALC.PCAP.LI,0.085,0.16,0.19,0.29,0.34
Panama,PAN,"Total alcohol consumption per capita (liters of pure alcohol, projected estimates, 15+ years of age)",SH.ALC.PCAP.LI,5.48,5.49,6.84,7.71,7.98
Peru,PER,"Total alcohol consumption per capita (liters of pure alcohol, projected estimates, 15+ years of age)",SH.ALC.PCAP.LI,6.54,6.99,7.69,6.63,6.38
Philippines,PHL,"Total alcohol consumption per capita (liters of pure alcohol, projected estimates, 15+ years of age)",SH.ALC.PCAP.LI,6.06,5.67,6.98,6.7,6.86
Palau,PLW,"Total alcohol consumption per capita (liters of pure alcohol, projected estimates, 15+ years of age)",SH.ALC.PCAP.LI,,,,,
Papua New Guinea,PNG,"Total alcohol consumption per capita (liters of pure alcohol, projected estimates, 15+ years of age)",SH.ALC.PCAP.LI,1.79,1.6,1.67,1.39,1.39
Poland,POL,"Total alcohol consumption per capita (liters of pure alcohol, projected estimates, 15+ years of age)",SH.ALC.PCAP.LI,9.17,10.6,11.21,11.63,11.71
Pre-demographic dividend,PRE,"Total alcohol consumption per capita (liters of pure alcohol, projected estimates, 15+ years of age)",SH.ALC.PCAP.LI,6.210145082,6.030477244,5.966972969,5.582300184,5.56758095
Puerto Rico,PRI,"Total alcohol consumption per capita (liters of pure alcohol, projected estimates, 15+ years of age)",SH.ALC.PCAP.LI,,,,,
"Korea, Dem. People’s Rep.",PRK,"Total alcohol consumption per capita (liters of pure alcohol, projected estimates, 15+ years of age)",SH.ALC.PCAP.LI,3.52,3.68,3.78,3.82,3.8
Portugal,PRT,"Total alcohol consumption per capita (liters of pure alcohol, projected estimates, 15+ years of age)",SH.ALC.PCAP.LI,14.08,13.37,12.51,11.88,12.03
Paraguay,PRY,"Total alcohol consumption per capita (liters of pure alcohol, projected estimates, 15+ years of age)",SH.ALC.PCAP.LI,6.38,6.66,7.58,7.26,7.58
West Bank and Gaza,PSE,"Total alcohol consumption per capita (liters of pure alcohol, projected estimates, 15+ years of age)",SH.ALC.PCAP.LI,,,,,
Pacific island small states,PSS,"Total alcohol consumption per capita (liters of pure alcohol, projected estimates, 15+ years of age)",SH.ALC.PCAP.LI,2.568772134,2.436186245,2.395675082,2.398639467,2.471712547
Post-demographic dividend,PST,"Total alcohol consumption per capita (liters of pure alcohol, projected estimates, 15+ years of age)",SH.ALC.PCAP.LI,10.99473947,10.77708956,10.14117812,10.12893328,10.09679217
French Polynesia,PYF,"Total alcohol consumption per capita (liters of pure alcohol, projected estimates, 15+ years of age)",SH.ALC.PCAP.LI,,,,,
Qatar,QAT,"Total alcohol consumption per capita (liters of pure alcohol, projected estimates, 15+ years of age)",SH.ALC.PCAP.LI,1.15,1.67,1.69,1.62,1.59
Romania,ROU,"Total alcohol consumption per capita (liters of pure alcohol, projected estimates, 15+ years of age)",SH.ALC.PCAP.LI,17.45,15.84,13.97,11.64,11.74
Russian Federation,RUS,"Total alcohol consumption per capita (liters of pure alcohol, projected estimates, 15+ years of age)",SH.ALC.PCAP.LI,15.73,17.36,15.87,12.47,11.19
Rwanda,RWA,"Total alcohol consumption per capita (liters of pure alcohol, projected estimates, 15+ years of age)",SH.ALC.PCAP.LI,13.73,13,10.27,9.26,8.95
South Asia,SAS,"Total alcohol consumption per capita (liters of pure alcohol, projected estimates, 15+ years of age)",SH.ALC.PCAP.LI,1.867595317,1.916463077,3.453921333,4.343318433,4.333362264
Saudi Arabia,SAU,"Total alcohol consumption per capita (liters of pure alcohol, projected estimates, 15+ years of age)",SH.ALC.PCAP.LI,0.18,0.17,0.17,0.2,0.19
Sudan,SDN,"Total alcohol consumption per capita (liters of pure alcohol, projected estimates, 15+ years of age)",SH.ALC.PCAP.LI,,,,0.52,0.51
Senegal,SEN,"Total alcohol consumption per capita (liters of pure alcohol, projected estimates, 15+ years of age)",SH.ALC.PCAP.LI,0.96,0.85,0.6,0.73,0.76
Singapore,SGP,"Total alcohol consumption per capita (liters of pure alcohol, projected estimates, 15+ years of age)",SH.ALC.PCAP.LI,2.49,1.78,2.19,2.07,2.03
Solomon Islands,SLB,"Total alcohol consumption per capita (liters of pure alcohol, projected estimates, 15+ years of age)",SH.ALC.PCAP.LI,1.2,1.6,1.6,1.55,1.83
Sierra Leone,SLE,"Total alcohol consumption per capita (liters of pure alcohol, projected estimates, 15+ years of age)",SH.ALC.PCAP.LI,5.8,5.57,5.83,5.63,5.7
El Salvador,SLV,"Total alcohol consumption per capita (liters of pure alcohol, projected estimates, 15+ years of age)",SH.ALC.PCAP.LI,3.86,3.8,3.31,3.59,3.89
San Marino,SMR,"Total alcohol consumption per capita (liters of pure alcohol, projected estimates, 15+ years of age)",SH.ALC.PCAP.LI,,,,,
Somalia,SOM,"Total alcohol consumption per capita (liters of pure alcohol, projected estimates, 15+ years of age)",SH.ALC.PCAP.LI,0,0.068,0.28,0.013,0.009
Serbia,SRB,"Total alcohol consumption per capita (liters of pure alcohol, projected estimates, 15+ years of age)",SH.ALC.PCAP.LI,,,11.69,8.7,8.75
Sub-Saharan Africa (excluding high income),SSA,"Total alcohol consumption per capita (liters of pure alcohol, projected estimates, 15+ years of age)",SH.ALC.PCAP.LI,6.316944134,6.108324246,6.298028469,5.873041144,5.838243129
South Sudan,SSD,"Total alcohol consumption per capita (liters of pure alcohol, projected estimates, 15+ years of age)",SH.ALC.PCAP.LI,,,,,
Sub-Saharan Africa,SSF,"Total alcohol consumption per capita (liters of pure alcohol, projected estimates, 15+ years of age)",SH.ALC.PCAP.LI,6.315086696,6.105786698,6.293373381,5.871126336,5.837485471
Small states,SST,"Total alcohol consumption per capita (liters of pure alcohol, projected estimates, 15+ years of age)",SH.ALC.PCAP.LI,5.67410055,5.796114381,5.420580073,5.356663564,5.104701284
Sao Tome and Principe,STP,"Total alcohol consumption per capita (liters of pure alcohol, projected estimates, 15+ years of age)",SH.ALC.PCAP.LI,8.2,8.72,8.34,7.19,5.88
Suriname,SUR,"Total alcohol consumption per capita (liters of pure alcohol, projected estimates, 15+ years of age)",SH.ALC.PCAP.LI,5.29,5.41,6.22,5.81,5.33
Slovak Republic,SVK,"Total alcohol consumption per capita (liters of pure alcohol, projected estimates, 15+ years of age)",SH.ALC.PCAP.LI,12.47,12.06,12,11.53,11.14
Slovenia,SVN,"Total alcohol consumption per capita (liters of pure alcohol, projected estimates, 15+ years of age)",SH.ALC.PCAP.LI,12.6,12.3,11.54,12.74,11.9
Sweden,SWE,"Total alcohol consumption per capita (liters of pure alcohol, projected estimates, 15+ years of age)",SH.ALC.PCAP.LI,8.53,8.64,9.49,9.13,8.93
Eswatini,SWZ,"Total alcohol consumption per capita (liters of pure alcohol, projected estimates, 15+ years of age)",SH.ALC.PCAP.LI,7.46,6.71,6.82,9.84,10.04
Sint Maarten (Dutch part),SXM,"Total alcohol consumption per capita (liters of pure alcohol, projected estimates, 15+ years of age)",SH.ALC.PCAP.LI,,,,,
Seychelles,SYC,"Total alcohol consumption per capita (liters of pure alcohol, projected estimates, 15+ years of age)",SH.ALC.PCAP.LI,7.62,6.13,10.19,18.35,20.5
Syrian Arab Republic,SYR,"Total alcohol consumption per capita (liters of pure alcohol, projected estimates, 15+ years of age)",SH.ALC.PCAP.LI,1.15,0.92,0.88,0.28,0.24
Turks and Caicos Islands,TCA,"Total alcohol consumption per capita (liters of pure alcohol, projected estimates, 15+ years of age)",SH.ALC.PCAP.LI,,,,,
Chad,TCD,"Total alcohol consumption per capita (liters of pure alcohol, projected estimates, 15+ years of age)",SH.ALC.PCAP.LI,4.34,4.62,6.58,1.45,1.37
East Asia & Pacific (IDA & IBRD countries),TEA,"Total alcohol consumption per capita (liters of pure alcohol, projected estimates, 15+ years of age)",SH.ALC.PCAP.LI,3.427089523,3.627568951,6.053491627,6.262173643,6.224385206
Europe & Central Asia (IDA & IBRD countries),TEC,"Total alcohol consumption per capita (liters of pure alcohol, projected estimates, 15+ years of age)",SH.ALC.PCAP.LI,11.2756518,11.62128307,10.87404635,8.809516756,8.053438992
Togo,TGO,"Total alcohol consumption per capita (liters of pure alcohol, projected estimates, 15+ years of age)",SH.ALC.PCAP.LI,1.79,3.26,2.11,2.37,2.46
Thailand,THA,"Total alcohol consumption per capita (liters of pure alcohol, projected estimates, 15+ years of age)",SH.ALC.PCAP.LI,6.49,6.81,7.71,8.36,8.3
Tajikistan,TJK,"Total alcohol consumption per capita (liters of pure alcohol, projected estimates, 15+ years of age)",SH.ALC.PCAP.LI,2.97,2.51,2.4,3.11,3.28
Turkmenistan,TKM,"Total alcohol consumption per capita (liters of pure alcohol, projected estimates, 15+ years of age)",SH.ALC.PCAP.LI,4.82,4.88,4.82,5.3,4.93
Latin America & the Caribbean (IDA & IBRD countries),TLA,"Total alcohol consumption per capita (liters of pure alcohol, projected estimates, 15+ years of age)",SH.ALC.PCAP.LI,7.361727965,7.243281056,7.045074689,6.638763673,6.341094374
Timor-Leste,TLS,"Total alcohol consumption per capita (liters of pure alcohol, projected estimates, 15+ years of age)",SH.ALC.PCAP.LI,1.53,0.83,0.7,2.01,2.17
Middle East & North Africa (IDA & IBRD countries),TMN,"Total alcohol consumption per capita (liters of pure alcohol, projected estimates, 15+ years of age)",SH.ALC.PCAP.LI,0.544953758,0.623679014,0.703944203,0.685778615,0.682987694
Tonga,TON,"Total alcohol consumption per capita (liters of pure alcohol, projected estimates, 15+ years of age)",SH.ALC.PCAP.LI,1.7,2.32,1.39,0.68,0.8
South Asia (IDA & IBRD),TSA,"Total alcohol consumption per capita (liters of pure alcohol, projected estimates, 15+ years of age)",SH.ALC.PCAP.LI,1.867595317,1.916463077,3.453921333,4.343318433,4.333362264
Sub-Saharan Africa (IDA & IBRD countries),TSS,"Total alcohol consumption per capita (liters of pure alcohol, projected estimates, 15+ years of age)",SH.ALC.PCAP.LI,6.315086696,6.105786698,6.293373381,5.871126336,5.837485471
Trinidad and Tobago,TTO,"Total alcohol consumption per capita (liters of pure alcohol, projected estimates, 15+ years of age)",SH.ALC.PCAP.LI,5.27,6.17,6.21,6.88,6.72
Tunisia,TUN,"Total alcohol consumption per capita (liters of pure alcohol, projected estimates, 15+ years of age)",SH.ALC.PCAP.LI,1.36,1.46,1.4,1.99,2.12
Turkey,TUR,"Total alcohol consumption per capita (liters of pure alcohol, projected estimates, 15+ years of age)",SH.ALC.PCAP.LI,2.41,2.12,2.32,2.12,2.05
Tuvalu,TUV,"Total alcohol consumption per capita (liters of pure alcohol, projected estimates, 15+ years of age)",SH.ALC.PCAP.LI,1.96,2.03,1.68,1.98,1.52
Tanzania,TZA,"Total alcohol consumption per capita (liters of pure alcohol, projected estimates, 15+ years of age)",SH.ALC.PCAP.LI,8.63,8.71,9.74,11.05,11.27
Uganda,UGA,"Total alcohol consumption per capita (liters of pure alcohol, projected estimates, 15+ years of age)",SH.ALC.PCAP.LI,13.61,12.92,13.5,15.14,15.09
Ukraine,UKR,"Total alcohol consumption per capita (liters of pure alcohol, projected estimates, 15+ years of age)",SH.ALC.PCAP.LI,12.46,12.01,13.57,10.16,8.32
Upper middle income,UMC,"Total alcohol consumption per capita (liters of pure alcohol, projected estimates, 15+ years of age)",SH.ALC.PCAP.LI,5.112497179,5.237981297,6.730078707,6.400602629,6.170887364
Uruguay,URY,"Total alcohol consumption per capita (liters of pure alcohol, projected estimates, 15+ years of age)",SH.ALC.PCAP.LI,8.09,7.46,7.1,6.99,6.92
United States,USA,"Total alcohol consumption per capita (liters of pure alcohol, projected estimates, 15+ years of age)",SH.ALC.PCAP.LI,9.19,9.49,9.36,9.82,9.87
Uzbekistan,UZB,"Total alcohol consumption per capita (liters of pure alcohol, projected estimates, 15+ years of age)",SH.ALC.PCAP.LI,5.68,4.15,3.01,2.59,2.59
St. Vincent and the Grenadines,VCT,"Total alcohol consumption per capita (liters of pure alcohol, projected estimates, 15+ years of age)",SH.ALC.PCAP.LI,5.01,5.99,7.03,8.46,9.06
"Venezuela, RB",VEN,"Total alcohol consumption per capita (liters of pure alcohol, projected estimates, 15+ years of age)",SH.ALC.PCAP.LI,9.15,9.42,8.67,6.82,4.14
British Virgin Islands,VGB,"Total alcohol consumption per capita (liters of pure alcohol, projected estimates, 15+ years of age)",SH.ALC.PCAP.LI,,,,,
Virgin Islands (U.S.),VIR,"Total alcohol consumption per capita (liters of pure alcohol, projected estimates, 15+ years of age)",SH.ALC.PCAP.LI,,,,,
Vietnam,VNM,"Total alcohol consumption per capita (liters of pure alcohol, projected estimates, 15+ years of age)",SH.ALC.PCAP.LI,2.21,2.63,4.9,7.86,8.66
Vanuatu,VUT,"Total alcohol consumption per capita (liters of pure alcohol, projected estimates, 15+ years of age)",SH.ALC.PCAP.LI,1.17,1.2,1.7,2.14,2.25
World,WLD,"Total alcohol consumption per capita (liters of pure alcohol, projected estimates, 15+ years of age)",SH.ALC.PCAP.LI,5.488338759,5.428839282,6.283774506,6.297804073,6.181288819
Samoa,WSM,"Total alcohol consumption per capita (liters of pure alcohol, projected estimates, 15+ years of age)",SH.ALC.PCAP.LI,3.79,4.2,2.97,2.59,2.66
Kosovo,XKX,"Total alcohol consumption per capita (liters of pure alcohol, projected estimates, 15+ years of age)",SH.ALC.PCAP.LI,,,,,
"Yemen, Rep.",YEM,"Total alcohol consumption per capita (liters of pure alcohol, projected estimates, 15+ years of age)",SH.ALC.PCAP.LI,0.79,0.34,0.18,0.055,0.051
South Africa,ZAF,"Total alcohol consumption per capita (liters of pure alcohol, projected estimates, 15+ years of age)",SH.ALC.PCAP.LI,10.02,9.58,10.04,9.61,9.52
Zambia,ZMB,"Total alcohol consumption per capita (liters of pure alcohol, projected estimates, 15+ years of age)",SH.ALC.PCAP.LI,4.05,3.9,5.43,6.89,6.54
Zimbabwe,ZWE,"Total alcohol consumption per capita (liters of pure alcohol, projected estimates, 15+ years of age)",SH.ALC.PCAP.LI,2.46,2.77,3.93,4.92,4.67
